dataset,K,horizon,n,positives,negatives,state_cosine_distance,state_cosine_sim,state_l2,risk_pr_auc,risk_roc_auc,risk_f1,risk_precision,risk_recall,rollout_seconds,per_step_seconds,degradation_abs,degradation_ratio
ctu-13,1,1,28,24,4,0.002565,0.997435,0.979447,0.8645,0.4062,0.9231,0.8571,1.0,0.046567,0.00166311,0.0,1.0
ctu-13,3,1,28,24,4,0.002565,0.997435,0.979447,0.8645,0.4062,0.9231,0.8571,1.0,0.041359,0.00049236,0.000599,1.233543
ctu-13,3,2,28,24,4,0.002606,0.997394,1.668044,0.9066,0.5521,0.9231,0.8571,1.0,0.041359,0.00049236,0.000599,1.233543
ctu-13,3,3,28,24,4,0.003164,0.996836,2.223182,0.9261,0.6354,0.9231,0.8571,1.0,0.041359,0.00049236,0.000599,1.233543
ctu-13,5,1,28,24,4,0.002565,0.997435,0.979447,0.8645,0.4062,0.9231,0.8571,1.0,0.044789,0.00031992,0.003793,2.478999
ctu-13,5,2,28,24,4,0.002606,0.997394,1.668044,0.9066,0.5521,0.9231,0.8571,1.0,0.044789,0.00031992,0.003793,2.478999
ctu-13,5,3,28,24,4,0.003164,0.996836,2.223182,0.9261,0.6354,0.9231,0.8571,1.0,0.044789,0.00031992,0.003793,2.478999
ctu-13,5,4,28,23,5,0.004428,0.995572,2.65978,0.9046,0.6174,0.902,0.8214,1.0,0.044789,0.00031992,0.003793,2.478999
ctu-13,5,5,28,22,6,0.006358,0.993642,3.001462,0.8711,0.553,0.88,0.7857,1.0,0.044789,0.00031992,0.003793,2.478999
ctu-13,10,1,28,24,4,0.002565,0.997435,0.979447,0.8645,0.4062,0.9231,0.8571,1.0,0.046198,0.00016499,0.019892,8.755785
ctu-13,10,2,28,24,4,0.002606,0.997394,1.668044,0.9066,0.5521,0.9231,0.8571,1.0,0.046198,0.00016499,0.019892,8.755785
ctu-13,10,3,28,24,4,0.003164,0.996836,2.223182,0.9261,0.6354,0.9231,0.8571,1.0,0.046198,0.00016499,0.019892,8.755785
ctu-13,10,4,28,23,5,0.004428,0.995572,2.65978,0.9046,0.6174,0.902,0.8214,1.0,0.046198,0.00016499,0.019892,8.755785
ctu-13,10,5,28,22,6,0.006358,0.993642,3.001462,0.8711,0.553,0.88,0.7857,1.0,0.046198,0.00016499,0.019892,8.755785
ctu-13,10,6,28,21,7,0.008929,0.991071,3.268578,0.817,0.4762,0.8571,0.75,1.0,0.046198,0.00016499,0.019892,8.755785
ctu-13,10,7,28,20,8,0.012017,0.987983,3.476749,0.7822,0.4438,0.8333,0.7143,1.0,0.046198,0.00016499,0.019892,8.755785
ctu-13,10,8,28,19,9,0.015453,0.984547,3.638376,0.6655,0.3333,0.8085,0.6786,1.0,0.046198,0.00016499,0.019892,8.755785
ctu-13,10,9,28,18,10,0.018996,0.981004,3.764163,0.5683,0.2389,0.7826,0.6429,1.0,0.046198,0.00016499,0.019892,8.755785
ctu-13,10,10,28,17,11,0.022457,0.977543,3.862176,0.5371,0.2513,0.7556,0.6071,1.0,0.046198,0.00016499,0.019892,8.755785
