t_index,label,behaviour,novelty_score,is_ood
164,1,attack,8.1855,True
165,1,attack,7.6391,True
166,1,attack,6.8895,True
167,1,attack,6.5348,True
168,1,attack,6.2024,False
169,1,attack,6.2846,False
170,0,benign,5.3745,False
171,1,attack,5.2884,False
172,1,attack,4.2359,False
173,1,attack,5.4375,False
174,1,attack,5.0702,False
175,1,attack,4.3616,False
176,1,attack,6.1734,False
177,1,attack,6.8889,True
178,1,attack,7.8967,True
179,1,attack,6.5041,True
180,1,attack,6.0754,False
181,1,attack,7.1488,True
182,1,attack,4.8662,False
183,1,attack,4.4723,False
184,0,benign,6.9159,True
185,0,benign,8.9645,True
186,0,benign,8.6132,True
187,0,benign,8.6117,True
188,0,benign,7.0011,True
189,0,benign,6.8326,True
190,0,benign,5.6141,False
191,0,benign,6.8051,True
192,0,benign,6.0137,False
193,0,benign,6.7085,True
