t_index,target,target_value,top_feature,top_feature_attr,top_node,top_node_importance,uses_attention,prop_total_affected,prop_velocity,prop_direction,prop_is_spreading,cf_intervention,cf_mean_risk_delta,cf_max_abs_risk_delta,stability_score,stability_mean_latent_drift
161,state,4.599659,node.total_bytes_received,0.001537,2,0.001376,False,4,1.0,balanced,True,isolate_node,-0.000106,0.000146,0.999995,5e-06
162,state,4.604299,node.total_bytes_received,0.001841,12,0.000926,False,6,1.5,balanced,True,isolate_node,-0.000115,0.000171,0.999995,5e-06
163,state,4.612491,node.total_bytes_received,0.001774,16,0.000682,False,9,2.25,fan-in,True,isolate_node,-2.1e-05,3.2e-05,0.999996,4e-06
164,state,4.621933,node.total_bytes_received,0.00136,2,0.000323,False,8,2.0,fan-in,True,isolate_node,-1.2e-05,1.8e-05,0.999997,3e-06
165,state,4.62345,node.total_bytes_received,0.00149,9,0.000534,False,7,1.75,fan-in,True,isolate_node,-6.9e-05,9.4e-05,0.999998,2e-06
166,state,4.630797,node.total_bytes_received,0.001665,5,0.000621,False,9,2.25,fan-in,True,isolate_node,-7.4e-05,0.000101,0.999997,3e-06
167,state,4.632848,node.total_bytes_received,0.001193,6,0.0003,False,7,1.75,fan-in,True,isolate_node,-7.9e-05,0.000108,0.999997,3e-06
168,state,4.632757,node.total_bytes_received,0.001217,1,0.00045,False,9,2.25,fan-in,True,isolate_node,-6.5e-05,8.8e-05,0.999998,2e-06
169,state,4.632567,node.total_bytes_received,0.001153,10,0.000425,False,10,2.5,fan-in,True,isolate_node,-5.6e-05,7.5e-05,0.999998,2e-06
170,state,4.630142,node.total_bytes_received,0.001707,13,0.001138,False,11,2.75,fan-in,True,isolate_node,-8.2e-05,0.000116,0.999994,6e-06
171,state,4.630816,node.total_bytes_received,0.001504,13,0.000362,False,8,2.0,fan-in,True,isolate_node,-4e-05,5.8e-05,0.999997,3e-06
172,state,4.627818,node.total_bytes_received,0.001832,10,0.00084,False,7,1.75,fan-in,True,isolate_node,-8.7e-05,0.000121,0.999996,4e-06
173,state,4.613126,node.total_bytes_received,0.000352,6,0.002331,False,6,1.5,fan-in,True,isolate_node,-0.000162,0.000246,0.999981,1.9e-05
174,state,4.619649,node.total_bytes_received,0.000778,6,0.001228,False,6,1.5,fan-in,True,isolate_node,-8.4e-05,0.000125,0.999994,6e-06
175,state,4.615227,node.total_bytes_received,0.001351,8,0.000486,False,9,2.25,fan-in,True,isolate_node,-4.5e-05,6.1e-05,0.999996,4e-06
176,state,4.604449,node.total_bytes_received,0.001787,4,0.001308,False,10,2.5,fan-in,True,isolate_node,-7.9e-05,0.000111,0.999995,5e-06
177,state,4.596864,node.total_bytes_received,0.000969,16,0.001559,False,10,2.5,fan-in,True,isolate_node,-0.000146,0.000217,0.999989,1.1e-05
178,state,4.611061,node.total_bytes_received,0.001498,6,0.000562,False,10,2.5,fan-in,True,isolate_node,-7.5e-05,0.0001,0.999996,4e-06
179,state,4.606129,node.total_bytes_received,0.002445,9,0.001745,False,10,2.5,fan-in,True,isolate_node,-8.3e-05,0.000118,0.999993,7e-06
180,state,4.612358,node.total_bytes_received,0.002049,16,0.000559,False,10,2.5,fan-in,True,isolate_node,-2.1e-05,3.1e-05,0.999996,4e-06
