t_index,label,risk_deterministic,risk_mc_mean,uncertainty_variance,uncertainty_std,abs_error_mc
164,1,0.427971,0.419586,0.000306,0.017483,0.580414
165,1,0.428022,0.422702,0.000418,0.020444,0.577298
166,1,0.428287,0.428523,0.000629,0.025072,0.571477
167,1,0.428339,0.423177,0.00045,0.02122,0.576823
168,1,0.428327,0.430515,0.000383,0.019579,0.569485
169,1,0.428313,0.427501,0.000464,0.02155,0.572499
170,0,0.428212,0.428607,0.000638,0.025267,0.428607
171,1,0.428239,0.432244,0.000446,0.021123,0.567756
172,1,0.428123,0.426431,0.000573,0.02394,0.573569
173,1,0.427524,0.426757,0.000632,0.025139,0.573243
174,1,0.427837,0.428428,0.000606,0.024624,0.571572
175,1,0.427684,0.424002,0.00038,0.019493,0.575998
176,1,0.427301,0.434037,0.000686,0.026198,0.565963
177,1,0.427013,0.433243,0.000527,0.022949,0.566757
178,1,0.427595,0.432327,0.000745,0.027297,0.567673
179,1,0.427392,0.434029,0.000845,0.029073,0.565971
180,1,0.427617,0.433017,0.000754,0.027456,0.566983
181,1,0.427591,0.427153,0.000595,0.024393,0.572847
182,1,0.427866,0.422879,0.000487,0.022063,0.577121
183,1,0.427798,0.427752,0.000591,0.024312,0.572248
184,0,0.427454,0.423159,0.000412,0.020308,0.423159
185,0,0.427219,0.433917,0.000761,0.027585,0.433917
186,0,0.426999,0.432255,0.000891,0.029843,0.432255
187,0,0.426746,0.432363,0.000699,0.026433,0.432363
188,0,0.427099,0.424678,0.000437,0.020896,0.424678
189,0,0.427013,0.430217,0.000577,0.024024,0.430217
190,0,0.427244,0.427359,0.000742,0.027235,0.427359
191,0,0.427242,0.422489,0.000522,0.022856,0.422489
192,0,0.42735,0.42214,0.000437,0.020907,0.42214
193,0,0.427812,0.429209,0.000625,0.025008,0.429209
